technology_tool,primary_function,features,implementation_cost,effectiveness_rating
crisis_monitoring_software,Real_time_risk_assessment,Automated_alerts_risk_scoring_trend_analysis,high_cost,high_effectiveness
crisis_monitoring_software,Behavioral_tracking,Pattern_recognition_anomaly_detection_predictive_analytics,high_cost,high_effectiveness
mobile_crisis_apps,24_7_crisis_access,Crisis_hotlines_safety_planning_emergency_contacts,medium_cost,high_effectiveness
mobile_crisis_apps,Self_assessment_tools,Suicide_risk_screening_mood_tracking_coping_resources,low_cost,medium_effectiveness
telehealth_platforms,Remote_crisis_intervention,Video_conferencing_secure_messaging_documentation,medium_cost,high_effectiveness
telehealth_platforms,Virtual_crisis_consultation,Provider_consultation_medication_management_follow_up,medium_cost,high_effectiveness
wearable_technology,Physiological_monitoring,Heart_rate_variability_sleep_patterns_activity_levels,high_cost,medium_effectiveness
wearable_technology,Biometric_alerts,Stress_detection_anxiety_indicators_wellness_tracking,high_cost,medium_effectiveness
artificial_intelligence,Chatbot_crisis_support,24_7_automated_support_escalation_to_humans,medium_cost,medium_effectiveness
artificial_intelligence,Predictive_risk_modeling,Historical_data_analysis_risk_prediction_intervention_timing,high_cost,high_effectiveness
electronic_health_records,Crisis_documentation,Comprehensive_documentation_care_coordination_quality_assurance,high_cost,high_effectiveness
electronic_health_records,Interoperability,Data_sharing_care_transitions_medication_reconciliation,high_cost,high_effectiveness
geolocation_services,Emergency_location_tracking,Precise_location_emergency_services_coordination,low_cost,high_effectiveness
geolocation_services,Safe_zone_monitoring,Geofencing_safety_alerts_boundary_violations,low_cost,medium_effectiveness
social_media_monitoring,Digital_crisis_detection,Social_media_analysis_warning_sign_detection,medium_cost,medium_effectiveness
social_media_monitoring,Online_safety_assessment,Digital_footprint_analysis_online_risk_factors,medium_cost,medium_effectiveness
blockchain_technology,Secure_data_storage,Immutable_records_data_integrity_privacy_protection,high_cost,high_effectiveness
blockchain_technology,Consent_management,Patient_consent_tracking_data_sharing_authorization,medium_cost,high_effectiveness
virtual_reality,Exposure_therapy,Trauma_exposure_therapy_anxiety_treatment_skill_building,high_cost,medium_effectiveness
virtual_reality,Training_simulations,Crisis_scenario_training_de_escalation_practice,high_cost,high_effectiveness
augmented_reality,Real_time_guidance,Step_by_step_crisis_intervention_guidance,medium_cost,medium_effectiveness
augmented_reality,Information_overlay,Crisis_protocols_contact_information_resource_access,low_cost,medium_effectiveness
